Timestamp,Total_Posts,Avg_Sentiment,Max_Sentiment,Min_Sentiment,Sentiment_Volatility,Total_Upvotes,Total_Comments,Avg_Upvotes,Avg_Comments,Positive_Sentiment_Sum,Negative_Sentiment_Sum
2025-02-09 23:00,1,0.1,0.1,0.1,0.0,201,485,201.0,485.0,0.1,0.0
2025-02-10 00:00,3,0.24818015873015872,0.6687404761904762,-0.125,0.7937404761904762,501,111,167.0,37.0,0.8695404761904761,-0.125
2025-02-10 01:00,4,0.2354155303030303,0.46855,-0.1591,0.62765,1564,213,391.0,53.25,1.1007621212121212,-0.1591
2025-02-10 02:00,2,0.4448553451178451,0.5203088383838383,0.3694018518518518,0.15090698653198653,3,6,1.5,3.0,0.8897106902356902,0.0
2025-02-10 03:00,1,-0.09272727272727273,-0.09272727272727273,-0.09272727272727273,0.0,0,3,0.0,3.0,0.0,-0.09272727272727273
2025-02-10 04:00,2,0.3346769230769231,0.5485538461538462,0.12080000000000002,0.42775384615384615,29,107,14.5,53.5,0.6693538461538462,0.0
2025-02-10 06:00,3,0.3612770202020202,0.5983,0.0,0.5983,31,106,10.333333333333334,35.333333333333336,1.0838310606060606,0.0
2025-02-10 07:00,2,0.10639483016983017,0.48113636363636364,-0.2683467032967033,0.749483066933067,19,29,9.5,14.5,0.48113636363636364,-0.2683467032967033
2025-02-10 08:00,3,0.4563836620169954,0.6034247955747956,0.1934,0.41002479557479554,56,92,18.666666666666668,30.666666666666668,1.369150986050986,0.0
2025-02-10 10:00,3,0.3638598734598735,0.5243285714285715,0.06818181818181818,0.4561467532467533,27,42,9.0,14.0,1.0915796203796204,0.0
2025-02-10 11:00,4,-0.0583039661319073,0.4386568627450981,-0.5937,1.032356862745098,762,72,190.5,18.0,0.616456862745098,-0.8496727272727274
2025-02-10 12:00,2,0.100825,0.20165,0.0,0.20165,574,54,287.0,27.0,0.20165,0.0
2025-02-10 13:00,5,0.25405222222222223,0.6051071428571428,-0.38308333333333333,0.9881904761904762,11,83,2.2,16.6,1.6533444444444443,-0.38308333333333333
2025-02-10 14:00,7,0.21011509634156694,0.5509944444444445,-0.1125,0.6634944444444445,255,59,36.42857142857143,8.428571428571429,1.6424056743909685,-0.17159999999999997
2025-02-10 15:00,6,0.39065808080808084,0.71845,0.0,0.71845,1538,249,256.3333333333333,41.5,2.3439484848484846,0.0
2025-02-10 16:00,5,-0.024078095238095246,0.37970000000000004,-0.26084047619047623,0.6405404761904763,9,87,1.8,17.4,0.41875000000000007,-0.5391404761904762
2025-02-10 17:00,6,0.4302099326599327,0.6329,0.2527914141414141,0.3801085858585859,76,22,12.666666666666666,3.6666666666666665,2.5812595959595956,0.0
2025-02-10 18:00,3,0.14402375451346042,0.5947,-0.36558216783216785,0.9602821678321678,2,23,0.6666666666666666,7.666666666666667,0.7976534313725491,-0.36558216783216785
2025-02-10 19:00,6,0.050655555555555565,0.5078666666666667,-0.148,0.6558666666666667,1449,221,241.5,36.833333333333336,0.5207666666666667,-0.21683333333333332
2025-02-10 20:00,7,0.010412631340414948,0.608002913059163,-0.5315555555555556,1.1395584686147187,59,89,8.428571428571429,12.714285714285714,1.4617513979076477,-1.3888629785247433
2025-02-10 21:00,3,0.1072966898421444,0.4962461301324938,-0.16185606060606061,0.6581021907385545,291,99,97.0,33.0,0.4962461301324938,-0.17435606060606063
2025-02-10 22:00,3,0.2758609006734007,0.646675,-0.36873888888888884,1.0154138888888888,164,179,54.666666666666664,59.666666666666664,1.1963215909090907,-0.36873888888888884
2025-02-10 23:00,3,0.1330450396825397,0.5534476190476191,-0.4341625,0.9876101190476191,367,456,122.33333333333333,152.0,0.8332976190476191,-0.4341625
2025-02-11 00:00,3,0.4323982283148949,0.6166946849446849,0.0992,0.517494684944685,6,32,2.0,10.666666666666666,1.2971946849446847,0.0
2025-02-11 01:00,2,-0.109825,0.0,-0.21965,0.21965,4,12,2.0,6.0,0.0,-0.21965
2025-02-11 02:00,3,-0.0007798941798941769,0.4201,-0.34295,0.76305,266,188,88.66666666666667,62.666666666666664,0.4201,-0.4224396825396825
2025-02-11 03:00,1,0.1806,0.1806,0.1806,0.0,5,4,5.0,4.0,0.1806,0.0
2025-02-11 04:00,1,0.7859499999999999,0.7859499999999999,0.7859499999999999,0.0,554,41,554.0,41.0,0.7859499999999999,0.0
2025-02-11 05:00,3,-0.017116666666666665,0.0,-0.05135,0.05135,179,37,59.666666666666664,12.333333333333334,0.0,-0.05135
2025-02-11 06:00,4,0.36549611742424243,0.507940909090909,0.0,0.507940909090909,46,149,11.5,37.25,1.4619844696969697,0.0
2025-02-11 07:00,1,0.40284761904761907,0.40284761904761907,0.40284761904761907,0.0,0,42,0.0,42.0,0.40284761904761907,0.0
2025-02-11 08:00,4,0.15162631164125728,0.48888695652173914,-0.356825,0.8457119565217391,1491,120,372.75,30.0,0.9633302465650292,-0.356825
2025-02-11 09:00,3,-0.0066157894736841956,0.2202,-0.4206473684210526,0.6408473684210526,7,14,2.3333333333333335,4.666666666666667,0.40080000000000005,-0.4206473684210526
2025-02-11 10:00,5,0.47142938087774294,0.5782920454545455,0.34435,0.2339420454545455,60,190,12.0,38.0,2.3571469043887143,0.0
2025-02-11 11:00,3,0.023936692936692927,0.47948989898989897,-0.4076798201798202,0.8871697191697192,1033,57,344.3333333333333,19.0,0.47948989898989897,-0.4076798201798202
2025-02-11 12:00,2,0.07612079682677769,0.5003828217237308,-0.34814122807017545,0.8485240497939063,4,43,2.0,21.5,0.5003828217237308,-0.34814122807017545
2025-02-11 13:00,6,0.20074617346938775,0.6375770408163265,-0.148,0.7855770408163265,574,162,95.66666666666667,27.0,1.3524770408163265,-0.148
2025-02-11 14:00,7,0.2749292328042328,0.48625,0.0129,0.47335,231,48,33.0,6.857142857142857,1.9245046296296298,0.0
2025-02-11 15:00,3,0.311653367003367,0.5210611111111111,0.1669489898989899,0.3541121212121212,1715,298,571.6666666666666,99.33333333333333,0.934960101010101,0.0
2025-02-11 16:00,4,0.12385,0.4954,0.0,0.4954,944,322,236.0,80.5,0.4954,0.0
2025-02-11 17:00,1,0.0,0.0,0.0,0.0,163,35,163.0,35.0,0.0,0.0
2025-02-11 18:00,6,0.1902583333333333,0.57005,-0.09855,0.6686,443,79,73.83333333333333,13.166666666666666,1.2401,-0.09855
2025-02-11 19:00,3,0.48414430014430015,0.6084571428571428,0.2755257575757576,0.3329313852813852,219,80,73.0,26.666666666666668,1.4524329004329004,0.0
2025-02-11 20:00,4,0.4456629435107376,0.6444478057889822,0.09243333333333333,0.5520144724556488,643,107,160.75,26.75,1.7826517740429504,0.0
2025-02-11 21:00,2,0.38056590909090904,0.69295,0.06818181818181818,0.6247681818181818,538,82,269.0,41.0,0.7611318181818181,0.0
2025-02-11 22:00,3,-0.0947222943722944,0.3800166666666666,-0.46871666666666667,0.8487333333333333,1,32,0.3333333333333333,10.666666666666666,0.3800166666666666,-0.6641835497835498
2025-02-11 23:00,3,0.39261198231096195,0.63015,0.0,0.63015,0,9,0.0,3.0,1.1778359469328858,0.0
2025-02-12 00:00,2,0.3108673076923077,0.6217346153846154,0.0,0.6217346153846154,0,5,0.0,2.5,0.6217346153846154,0.0
2025-02-12 01:00,4,0.4295430555555556,0.9277500000000001,-0.036599999999999994,0.96435,7,37,1.75,9.25,1.7547722222222224,-0.036599999999999994
2025-02-12 02:00,6,0.21555919913419916,0.5904,0.0,0.5904,36,73,6.0,12.166666666666666,1.293355194805195,0.0
2025-02-12 03:00,3,0.30098650793650794,0.4783,0.11905952380952381,0.35924047619047617,184,107,61.333333333333336,35.666666666666664,0.9029595238095238,0.0
2025-02-12 05:00,3,-0.09576666666666667,0.0,-0.28595,0.28595,1043,103,347.6666666666667,34.333333333333336,0.0,-0.2873
2025-02-12 06:00,3,0.21184368686868685,0.4855310606060606,-0.1,0.5855310606060606,558,212,186.0,70.66666666666667,0.7355310606060605,-0.1
2025-02-12 07:00,5,0.3029660520960521,0.6121598901098901,0.0,0.6121598901098901,261,102,52.2,20.4,1.5148302604802606,0.0
2025-02-12 08:00,5,0.2867956869056869,0.6283112387612387,0.0,0.6283112387612387,962,421,192.4,84.2,1.4339784345284343,0.0
2025-02-12 09:00,1,0.18445,0.18445,0.18445,0.0,0,26,0.0,26.0,0.18445,0.0
2025-02-12 10:00,2,0.596067151675485,0.6126071428571429,0.5795271604938271,0.033079982363315774,3483,138,1741.5,69.0,1.19213430335097,0.0
2025-02-12 11:00,2,0.30692403736614265,0.6342409090909091,-0.02039283435862383,0.654633743449533,182,170,91.0,85.0,0.6342409090909091,-0.02039283435862383
2025-02-12 12:00,5,0.22409663950428657,0.5575214285714286,-0.1909,0.7484214285714286,405,121,81.0,24.2,1.311383197521433,-0.1909
2025-02-12 13:00,4,0.09576267562846509,0.45623888888888886,-0.3204842902711324,0.7767231791600213,376,121,94.0,30.25,0.7035349927849928,-0.3204842902711324
2025-02-12 14:00,6,0.44568499902874903,0.6337753787878788,0.27115,0.3626253787878788,147,132,24.5,22.0,2.6741099941724946,0.0
2025-02-12 15:00,4,0.1363021194083694,0.5592638888888889,-0.44260757575757576,1.0018714646464646,269,279,67.25,69.75,0.9878160533910534,-0.44260757575757576
2025-02-12 16:00,6,0.30301527777777776,0.81245,-0.3592,1.17165,545,145,90.83333333333333,24.166666666666668,2.1772916666666666,-0.3592
2025-02-12 17:00,6,0.0887374579124579,0.31793333333333335,-0.0386,0.35653333333333337,231,90,38.5,15.0,0.5710247474747474,-0.0386
2025-02-12 18:00,6,0.3797790484207151,0.7351574074074074,0.03336688311688312,0.7017905242905244,57,123,9.5,20.5,2.2786742905242905,0.0
2025-02-12 19:00,4,0.08041427091427092,0.66245,-0.38169291634291636,1.0441429163429163,75,63,18.75,15.75,0.70335,-0.38169291634291636
2025-02-12 20:00,3,0.40326039518720674,0.4972460003764352,0.24089999999999998,0.2563460003764352,19,61,6.333333333333333,20.333333333333332,1.2097811855616203,0.0
2025-02-12 21:00,7,0.0696359902280955,0.5502061403508772,-0.38220925925925925,0.9324153996101365,1887,380,269.57142857142856,54.285714285714285,1.1330111908559277,-0.6455592592592592
2025-02-12 22:00,5,0.46072050324675323,0.7056166666666667,0.15115,0.5544666666666667,89,385,17.8,77.0,2.303602516233766,0.0
2025-02-12 23:00,3,0.4241376068376068,0.5632,0.27384615384615385,0.2893538461538462,73,356,24.333333333333332,118.66666666666667,1.2724128205128205,0.0
2025-02-13 01:00,2,0.05408016150516151,0.46349365634365636,-0.35533333333333333,0.8188269896769897,18,15,9.0,7.5,0.46349365634365636,-0.35533333333333333
2025-02-13 03:00,5,0.21120884615384616,0.5249120879120879,0.0,0.5249120879120879,1597,128,319.4,25.6,1.0560442307692308,0.0
2025-02-13 06:00,3,0.4222319985569986,0.5517649350649351,0.2294,0.3223649350649351,104,118,34.666666666666664,39.333333333333336,1.2666959956709958,0.0
2025-02-13 07:00,1,0.6404474813065723,0.6404474813065723,0.6404474813065723,0.0,9,0,9.0,0.0,0.6404474813065723,0.0
2025-02-13 08:00,3,0.15823497474747475,0.44630492424242424,-0.1591,0.6054049242424242,10,5,3.3333333333333335,1.6666666666666667,0.6338049242424242,-0.1591
2025-02-13 10:00,1,0.0,0.0,0.0,0.0,0,11,0.0,11.0,0.0,0.0
2025-02-13 11:00,1,0.4151916666666667,0.4151916666666667,0.4151916666666667,0.0,28,24,28.0,24.0,0.4151916666666667,0.0
2025-02-13 12:00,2,0.4468724025974026,0.5053948051948052,0.38835,0.1170448051948052,288,296,144.0,148.0,0.8937448051948051,0.0
2025-02-13 13:00,4,0.3203411931818182,0.46277386363636364,0.125,0.33777386363636364,125,101,31.25,25.25,1.2813647727272728,0.0
2025-02-13 14:00,5,0.09399636363636363,0.25,0.0,0.25,1403,125,280.6,25.0,0.46998181818181817,0.0
2025-02-13 15:00,5,0.17694194903581267,0.5200305785123968,-0.020420833333333333,0.5404514118457301,7,65,1.4,13.0,0.9051305785123968,-0.020420833333333333
2025-02-13 16:00,5,0.293584322169059,0.6537,-0.03876666666666666,0.6924666666666666,1139,174,227.8,34.8,1.5066882775119619,-0.03876666666666666
2025-02-13 17:00,4,0.10595796222810111,0.5466346266901823,-0.08966944444444444,0.6363040711346267,18,35,4.5,8.75,0.5729846266901822,-0.14915277777777777
2025-02-13 18:00,2,0.5473748917748918,0.614433116883117,0.48031666666666667,0.1341164502164503,29,3,14.5,1.5,1.0947497835497837,0.0
2025-02-13 19:00,5,0.2260542857142857,0.5153523809523809,-0.02471428571428571,0.5400666666666666,300,23,60.0,4.6,1.1549857142857143,-0.02471428571428571
2025-02-13 20:00,5,0.16586993506493508,0.4133428571428572,0.0,0.4133428571428572,48,56,9.6,11.2,0.8293496753246754,0.0
2025-02-13 21:00,5,0.18892359628026295,0.5151770723104057,-0.1568090909090909,0.6719861632194966,900,197,180.0,39.4,1.1014270723104058,-0.1568090909090909
2025-02-13 22:00,3,0.03734005602240895,0.41365588235294115,-0.23913571428571428,0.6527915966386555,76,72,25.333333333333332,24.0,0.41365588235294115,-0.3016357142857143
2025-02-13 23:00,2,0.3499166666666667,0.554,0.14583333333333334,0.4081666666666667,0,19,0.0,9.5,0.6998333333333334,0.0
2025-02-14 00:00,1,-0.03571428571428571,-0.03571428571428571,-0.03571428571428571,0.0,117,16,117.0,16.0,0.0,-0.03571428571428571
2025-02-14 01:00,3,0.15620720038706148,0.5311216011611845,-0.0625,0.5936216011611845,157,20,52.333333333333336,6.666666666666667,0.5311216011611845,-0.0625
2025-02-14 03:00,2,0.23550952380952378,0.3578690476190476,0.11315,0.24471904761904759,122,68,61.0,34.0,0.47101904761904756,0.0
2025-02-14 04:00,3,0.09306666666666667,0.43835,-0.15620000000000003,0.59455,366,192,122.0,64.0,0.43835,-0.15915000000000007
2025-02-14 05:00,2,0.5300440476190476,0.5576,0.5024880952380952,0.05511190476190475,0,9,0.0,4.5,1.060088095238095,0.0
2025-02-14 06:00,9,0.1663447617197617,0.5942999999999999,-0.46813076923076924,1.0624307692307693,731,419,81.22222222222223,46.55555555555556,2.430464393939394,-0.9333615384615385
2025-02-14 07:00,3,0.10348333333333333,0.3366,-0.15115,0.48775,276,55,92.0,18.333333333333332,0.4616,-0.15115
2025-02-14 08:00,7,0.142070591728755,0.40238333333333337,-0.5064015873015874,0.9087849206349208,170,158,24.285714285714285,22.571428571428573,1.5008957294028724,-0.5064015873015874
2025-02-14 09:00,3,0.18051597542242703,0.5670145929339478,-0.43021666666666664,0.9972312596006145,593,147,197.66666666666666,49.0,0.9717645929339478,-0.43021666666666664
2025-02-14 10:00,3,0.3027722222222222,0.4368666666666666,0.1116,0.3252666666666666,44,21,14.666666666666666,7.0,0.9083166666666667,0.0
2025-02-14 11:00,4,-0.03853750000000001,0.1909,-0.28105,0.47195,124,86,31.0,21.5,0.1909,-0.34505
2025-02-14 12:00,3,0.24497222222222223,0.595,-0.1591,0.7541,313,153,104.33333333333333,51.0,0.8940166666666667,-0.1591
2025-02-14 13:00,5,0.32865395124716557,0.570653089569161,0.0,0.570653089569161,444,234,88.8,46.8,1.6432697562358276,0.0
2025-02-14 14:00,5,0.09695444444444444,0.425,-0.07777777777777778,0.5027777777777778,721,365,144.2,73.0,0.56255,-0.07777777777777778
2025-02-14 15:00,4,0.09542644253894253,0.6699175084175084,-0.32552234432234434,0.9954398527398527,189,103,47.25,25.75,0.7072281144781144,-0.32552234432234434
2025-02-14 16:00,2,0.0028374458874458885,0.39409632034632036,-0.3884214285714286,0.782517748917749,13,26,6.5,13.0,0.39409632034632036,-0.3884214285714286
2025-02-14 17:00,3,-0.23371666666666666,0.0,-0.49039999999999995,0.49039999999999995,684,59,228.0,19.666666666666668,0.0,-0.7011499999999999
2025-02-14 18:00,4,0.28275795454545455,0.5714,0.0,0.5714,997,323,249.25,80.75,1.1310318181818182,0.0
2025-02-14 19:00,1,-0.07777777777777778,-0.07777777777777778,-0.07777777777777778,0.0,150,21,150.0,21.0,0.0,-0.07777777777777778
2025-02-14 20:00,3,0.4005296296296296,0.6552,0.1,0.5552,12,5,4.0,1.6666666666666667,1.2015888888888888,0.0
2025-02-14 21:00,3,0.03333333333333333,0.1,0.0,0.1,35,9,11.666666666666666,3.0,0.1,0.0
2025-02-14 22:00,4,0.27610933554292927,0.704260606060606,-0.03888888888888889,0.7431494949494949,60,64,15.0,16.0,1.143326231060606,-0.03888888888888889
2025-02-14 23:00,4,-0.054696428571428576,0.05,-0.2787,0.3287,523,32,130.75,8.0,0.05991428571428571,-0.2787
2025-02-15 00:00,1,0.6636277777777778,0.6636277777777778,0.6636277777777778,0.0,0,9,0.0,9.0,0.6636277777777778,0.0
2025-02-15 01:00,4,0.2877018127705628,0.5567977272727272,0.05,0.5067977272727272,21,150,5.25,37.5,1.150807251082251,0.0
2025-02-15 02:00,3,0.022627777777777778,0.12115000000000001,-0.05326666666666667,0.17441666666666666,648,274,216.0,91.33333333333333,0.12115000000000001,-0.05326666666666667
2025-02-15 03:00,1,0.5181166666666667,0.5181166666666667,0.5181166666666667,0.0,0,2,0.0,2.0,0.5181166666666667,0.0
2025-02-15 04:00,2,0.15082954545454547,0.30165909090909093,0.0,0.30165909090909093,10,33,5.0,16.5,0.30165909090909093,0.0
2025-02-15 05:00,4,0.06205892857142857,0.3,-0.2997,0.5997,73,28,18.25,7.0,0.58365,-0.3354142857142857
2025-02-15 06:00,6,0.15643547979797978,0.4855310606060606,-0.28595,0.7714810606060606,401,125,66.83333333333333,20.833333333333332,1.2245628787878788,-0.28595
2025-02-15 08:00,2,0.1257861111111111,0.1381222222222222,0.11345,0.024672222222222207,87,61,43.5,30.5,0.2515722222222222,0.0
2025-02-15 09:00,4,0.09584515306122451,0.583480612244898,-0.5307,1.114180612244898,66,97,16.5,24.25,0.914080612244898,-0.5307
2025-02-15 10:00,2,0.17085826446280988,0.4219831955922865,-0.08026666666666668,0.5022498622589532,20,75,10.0,37.5,0.4219831955922865,-0.08026666666666668
2025-02-15 11:00,4,0.18290277777777778,0.357,-0.13966666666666666,0.49666666666666665,42,228,10.5,57.0,0.8712777777777778,-0.13966666666666666
2025-02-15 12:00,6,0.2751468253968254,0.6660833333333334,0.0,0.6660833333333334,10,30,1.6666666666666667,5.0,1.6508809523809524,0.0
2025-02-15 13:00,2,0.29861025628960414,0.5972205125792083,0.0,0.5972205125792083,277,65,138.5,32.5,0.5972205125792083,0.0
2025-02-15 14:00,1,-0.045072222222222215,-0.045072222222222215,-0.045072222222222215,0.0,29,92,29.0,92.0,0.0,-0.045072222222222215
2025-02-15 15:00,6,-0.03855429292929292,0.33939090909090913,-0.43161666666666665,0.7710075757575758,20323,522,3387.1666666666665,87.0,0.4135909090909091,-0.6449166666666667
2025-02-15 16:00,7,0.27366435968326724,0.59505,-0.1579722222222222,0.7530222222222221,901,321,128.71428571428572,45.857142857142854,2.1486227400050932,-0.2329722222222222
2025-02-15 17:00,5,-0.07445474747474748,0.2444,-0.5079954545454546,0.7523954545454545,430,92,86.0,18.4,0.25263838383838383,-0.6249121212121213
2025-02-15 18:00,4,-0.06775643939393938,0.18814999999999998,-0.5273575757575757,0.7155075757575757,613,27,153.25,6.75,0.25633181818181816,-0.5273575757575757
2025-02-15 19:00,5,0.13122444444444445,0.6291083333333334,-0.3243,0.9534083333333334,271,149,54.2,29.8,1.0582,-0.40207777777777776
2025-02-15 20:00,4,0.2385994994588745,0.5552166666666667,-0.3,0.8552166666666667,91,64,22.75,16.0,1.2543979978354978,-0.3
2025-02-15 21:00,1,0.0,0.0,0.0,0.0,392,54,392.0,54.0,0.0,0.0
2025-02-15 22:00,1,0.5240089285714286,0.5240089285714286,0.5240089285714286,0.0,49,130,49.0,130.0,0.5240089285714286,0.0
2025-02-15 23:00,3,0.027111111111111103,0.1,-0.018666666666666692,0.1186666666666667,325,258,108.33333333333333,86.0,0.1,-0.018666666666666692
2025-02-16 00:00,3,0.2856426177357995,0.38490238095238094,0.22492190082644628,0.15998048012593466,5,62,1.6666666666666667,20.666666666666668,0.8569278532073986,0.0
2025-02-16 01:00,3,0.17420206572528,0.5785222222222222,-0.4638945964749536,1.0424168186971758,6,53,2.0,17.666666666666668,0.9865007936507937,-0.4638945964749536
2025-02-16 03:00,4,0.23511531127602556,0.46915670995670994,-0.07479546485260773,0.5439521748093177,67,72,16.75,18.0,1.01525670995671,-0.07479546485260773
2025-02-16 04:00,1,0.4702,0.4702,0.4702,0.0,197,74,197.0,74.0,0.4702,0.0
2025-02-16 06:00,1,0.4855310606060606,0.4855310606060606,0.4855310606060606,0.0,21,58,21.0,58.0,0.4855310606060606,0.0
2025-02-16 07:00,4,0.21573261427837698,0.5421419289749798,-0.025,0.5671419289749798,295,140,73.75,35.0,0.8879304571135079,-0.025
2025-02-16 08:00,3,0.4797973096583266,0.5421419289749798,0.4428,0.09934192897497979,17,15,5.666666666666667,5.0,1.43939192897498,0.0
2025-02-16 10:00,1,0.0,0.0,0.0,0.0,0,13,0.0,13.0,0.0,0.0
2025-02-16 11:00,1,0.04071428571428572,0.04071428571428572,0.04071428571428572,0.0,14,3,14.0,3.0,0.04071428571428572,0.0
2025-02-16 12:00,4,0.23635140224358978,0.620374358974359,-0.223,0.843374358974359,651,127,162.75,31.75,1.1684056089743589,-0.223
2025-02-16 13:00,5,0.22571750000000002,0.6777500000000001,-0.19375,0.8715,61,43,12.2,8.6,1.3223375000000002,-0.19375
2025-02-16 14:00,2,0.12651666666666667,0.25303333333333333,0.0,0.25303333333333333,45,34,22.5,17.0,0.25303333333333333,0.0
2025-02-16 15:00,5,0.10269304487179487,0.48670897435897437,-0.28544375,0.7721527243589743,2316,160,463.2,32.0,0.7989089743589743,-0.28544375
2025-02-16 16:00,5,0.17205894300144303,0.5335378787878788,-0.3273012987012987,0.8608391774891775,211,239,42.2,47.8,1.4235460137085139,-0.5632512987012988
2025-02-16 17:00,3,0.08511666666666666,0.25534999999999997,0.0,0.25534999999999997,873,397,291.0,132.33333333333334,0.25534999999999997,0.0
2025-02-16 18:00,3,0.3963924242424242,0.5705772727272728,0.25,0.32057727272727277,154,224,51.333333333333336,74.66666666666667,1.1891772727272727,0.0
2025-02-16 19:00,5,0.13304818181818182,0.6825,-0.05135,0.73385,475,190,95.0,38.0,0.7165909090909091,-0.05135
2025-02-16 20:00,3,0.13883095238095236,0.25739285714285715,0.0,0.25739285714285715,343,47,114.33333333333333,15.666666666666666,0.4164928571428571,0.0
2025-02-16 21:00,2,0.081575,0.16315,0.0,0.16315,350,40,175.0,20.0,0.16315,0.0
2025-02-16 22:00,5,0.23076783663704714,0.6261363636363636,-0.29785789473684215,0.9239942583732057,372,86,74.4,17.2,1.451697077922078,-0.29785789473684215
2025-02-16 23:00,1,0.0,0.0,0.0,0.0,0,29,0.0,29.0,0.0,0.0
2025-02-17 00:00,3,0.35680341130604293,0.6066657894736842,0.044349999999999994,0.5623157894736842,3,100,1.0,33.333333333333336,1.0704102339181285,0.0
2025-02-17 01:00,1,0.0,0.0,0.0,0.0,179,13,179.0,13.0,0.0,0.0
2025-02-17 02:00,1,0.0,0.0,0.0,0.0,48,51,48.0,51.0,0.0,0.0
2025-02-17 03:00,7,0.18077275132275133,0.6279592592592593,0.0,0.6279592592592593,70,150,10.0,21.428571428571427,1.2654092592592594,0.0
2025-02-17 05:00,4,0.33338779761904763,0.567825,-0.1366,0.7044250000000001,75,25,18.75,6.25,1.4701511904761904,-0.1366
2025-02-17 06:00,6,0.12311502469322237,0.4855310606060606,-0.14751666666666663,0.6330477272727273,943,302,157.16666666666666,50.333333333333336,1.0417623703815564,-0.3030722222222222
2025-02-17 07:00,2,0.2655681818181818,0.48113636363636364,0.05,0.43113636363636365,112,38,56.0,19.0,0.5311363636363636,0.0
2025-02-17 08:00,3,0.4975329262644077,0.5873939393939394,0.3947233766233766,0.19267056277056277,40,105,13.333333333333334,35.0,1.4925987787932231,0.0
2025-02-17 09:00,1,0.33525,0.33525,0.33525,0.0,27,0,27.0,0.0,0.33525,0.0
2025-02-17 10:00,3,0.25827698412698413,0.4821142857142857,0.029566666666666665,0.45254761904761903,225,76,75.0,25.333333333333332,0.7748309523809523,0.0
2025-02-17 11:00,3,0.4061554223554224,0.5985807692307692,0.20551883116883118,0.393061938061938,203,44,67.66666666666667,14.666666666666666,1.2184662670662672,0.0
2025-02-17 12:00,2,0.2007638888888889,0.2157166666666667,0.18581111111111112,0.029905555555555574,27,134,13.5,67.0,0.4015277777777778,0.0
2025-02-17 13:00,1,0.0,0.0,0.0,0.0,1243,89,1243.0,89.0,0.0,0.0
2025-02-17 14:00,6,0.13116388888888889,0.37895,0.0,0.37895,151,265,25.166666666666668,44.166666666666664,0.7869833333333334,0.0
2025-02-17 15:00,7,-0.12449118738404452,0.2054166666666667,-0.3801095238095238,0.5855261904761905,344,155,49.142857142857146,22.142857142857142,0.2054166666666667,-1.0768549783549783
2025-02-17 16:00,2,-0.12438333333333333,-0.08410000000000001,-0.16466666666666666,0.08056666666666665,169,127,84.5,63.5,0.0,-0.24876666666666666
2025-02-17 17:00,9,0.13301314889355825,0.6196685805422648,-0.3181952380952381,0.9378638186375029,225,89,25.0,9.88888888888889,1.9084813751550593,-0.7113630351130351
2025-02-17 18:00,5,0.26088150735087423,0.5425400854556699,0.006060606060606058,0.5364794793950638,245,54,49.0,10.8,1.3044075367543713,0.0
2025-02-17 19:00,3,0.11796763668430336,0.4689814814814815,-0.47282857142857143,0.9418100529100529,35,42,11.666666666666666,14.0,0.8267314814814815,-0.47282857142857143
2025-02-17 20:00,1,0.16394999999999998,0.16394999999999998,0.16394999999999998,0.0,0,5,0.0,5.0,0.16394999999999998,0.0
2025-02-17 21:00,8,0.003475946969696969,0.36665,-0.41845,0.7850999999999999,9,68,1.125,8.5,0.73675,-0.7089424242424242
2025-02-17 22:00,3,0.23233602693602692,0.44421666666666665,0.0,0.44421666666666665,134,25,44.666666666666664,8.333333333333334,0.6970080808080807,0.0
